nyxus-bar-stone	Bar Stone
nyxus-bg-01	Bg 01
nyxus-bg-02	Bg 02
nyxus-bg-03	Bg 03
nyxus-bg-04	Bg 04
nyxus-bg-05	Bg 05
nyxus-bg-06	Bg 06
nyxus-bg-07	Bg 07
nyxus-bg-08	Bg 08
nyxus-bg-09	Bg 09
nyxus-bg-10	Bg 10
nyxus-bg-11	Bg 11
nyxus-bg-12	Bg 12
nyxus-bg-13	Bg 13
nyxus-bg-14	Bg 14
nyxus-bg-15	Bg 15
nyxus-bg-16	Bg 16
nyxus-frost-tile-glyphs	Frost Tile Glyphs
nyxus-frost-tile-grid	Frost Tile Grid
nyxus-graffiti-01	Graffiti 01
nyxus-graffiti-02	Graffiti 02
nyxus-graffiti-03	Graffiti 03
nyxus-graffiti-04	Graffiti 04
nyxus-graffiti-05	Graffiti 05
nyxus-graffiti-06	Graffiti 06
nyxus-graffiti-07	Graffiti 07
nyxus-graffiti-08	Graffiti 08
nyxus-graffiti-09	Graffiti 09
nyxus-graffiti-10	Graffiti 10
nyxus-graffiti-11	Graffiti 11
nyxus-graffiti-12	Graffiti 12
nyxus-graffiti-13	Graffiti 13
nyxus-graffiti-14	Graffiti 14
nyxus-graffiti-15	Graffiti 15
nyxus-graffiti-16	Graffiti 16
nyxus-graffiti-17	Graffiti 17
nyxus-graffiti-18	Graffiti 18
nyxus-graffiti-19	Graffiti 19
nyxus-graffiti-20	Graffiti 20
nyxus-graffiti-21	Graffiti 21
nyxus-graffiti-22	Graffiti 22
nyxus-graffiti-23	Graffiti 23
nyxus-graffiti-24	Graffiti 24
nyxus-graffiti-space	Graffiti Space
nyxus-hyprlock-eye	Hyprlock Eye
nyxus-login-stars	Login Stars
nyxus-monogram-mist	Monogram Mist
nyxus-rightbar-bg	Rightbar Bg
nyxus-taskbar-bg	Taskbar Bg
nyxus-topbar-mist	Topbar Mist
nyxus-waybar-stars	Waybar Stars
nyxus-desktop-hero	NYXUS Desktop Hero
nyxus-login-wall	NYXUS Login Wall
nyxus-splash-emblem	NYXUS Splash Emblem
nyxus-urban-alien	NYXUS Urban Alien
